,Month,Day,Temperature (°F)_max,Temperature (°F)_avg,Temperature (°F)_min,Dew Point (°F)_max,Dew Point (°F)_avg,Dew Point (°F)_min,Humidity (%)_max,Humidity (%)_avg,Humidity (%)_min,Wind Speed (mph)_max,Wind Speed (mph)_avg,Wind Speed (mph)_min,Pressure (in)_max,Pressure (in)_avg,Pressure (in)_min
0,May,1,84,72.5,61,57,50.3,43,77,48.9,25,16,7.0,0,29.0,28.9,28.9
1,May,2,93,79.7,64,57,51.5,45,73,41.9,19,15,5.3,0,29.0,28.9,28.9
2,May,3,95,82.8,68,55,50.7,45,64,35.4,19,12,4.0,0,29.0,29.0,28.9
3,May,4,97,86.0,73,59,54.6,50,61,36.7,22,23,11.1,0,29.0,29.0,28.9
4,May,5,97,87.7,75,59,55.5,52,54,34.9,22,14,7.8,0,28.9,28.9,28.8
5,May,6,104,91.3,77,61,54.4,48,54,31.0,16,16,4.8,0,28.9,28.9,28.8
6,May,7,106,93.0,79,63,55.1,45,54,31.1,13,14,4.5,0,29.0,28.9,28.9
7,May,8,106,92.9,77,63,55.4,48,61,31.5,14,12,3.6,0,29.0,28.9,28.8
8,May,9,104,91.6,81,68,64.8,59,62,42.5,27,20,8.2,0,28.9,28.9,28.8
9,May,10,99,88.7,77,68,65.5,46,69,47.6,34,69,16.3,5,29.1,29.0,28.9
10,May,11,99,85.8,75,64,62.7,59,65,47.6,27,29,8.3,0,29.1,29.0,29.0
11,May,12,93,84.7,77,72,65.8,61,83,54.2,34,23,10.5,3,29.1,29.1,28.9
12,May,13,100,88.0,73,63,54.0,48,61,34.4,17,13,7.5,0,29.1,29.1,29.0
13,May,14,104,90.4,75,59,55.7,52,54,33.2,18,23,8.0,0,29.1,29.0,29.0
14,May,15,108,94.8,79,66,61.0,55,54,33.9,22,9,1.7,0,29.1,29.0,29.0
15,May,16,109,96.6,84,64,61.8,57,51,33.3,19,9,3.9,0,29.1,29.0,28.9
16,May,17,109,97.0,86,63,58.8,55,43,29.3,17,12,4.7,0,29.0,28.9,28.8
17,May,18,109,97.2,84,63,60.1,57,45,30.1,19,62,10.9,0,28.9,28.9,28.8
18,May,19,111,97.8,84,63,60.6,55,48,30.4,18,16,5.4,0,28.9,28.8,28.7
19,May,20,109,98.9,84,64,61.5,57,48,30.5,18,23,4.8,0,28.9,28.8,28.8
20,May,21,109,98.6,86,63,59.0,54,45,28.3,18,15,7.3,0,28.9,28.8,28.8
21,May,22,109,95.9,0,63,59.1,0,45,29.1,0,12,3.2,0,28.9,28.2,0.0
22,May,23,108,96.5,84,75,69.2,61,59,41.7,33,14,5.2,0,28.9,28.8,28.8
23,May,24,108,94.9,82,72,68.8,59,58,43.5,28,58,12.7,0,28.9,28.8,28.1
24,May,25,108,94.1,81,66,61.6,55,61,37.2,19,25,8.0,0,28.9,28.8,28.7
25,May,26,111,98.5,84,64,57.9,50,48,28.6,13,12,5.8,0,28.8,28.1,0.0
26,May,27,113,99.3,86,66,55.9,46,48,26.3,11,18,7.5,0,28.7,28.6,28.6
27,May,28,113,99.8,82,61,51.0,41,42,21.9,9,16,5.2,0,28.6,28.6,28.5
28,May,29,115,100.1,86,59,52.7,45,40,22.8,10,17,5.6,0,28.6,28.6,28.6
29,May,30,113,99.5,86,59,55.5,52,40,24.4,13,14,5.6,0,28.8,28.7,28.6
30,May,31,113,98.7,84,64,55.2,54,48,24.7,14,13,6.2,0,28.8,28.8,28.7
31,Mar,1,66,61.4,57,55,53.0,50,82,73.8,60,21,10.4,2,29.3,29.2,29.0
32,Mar,2,73,63.5,57,63,56.7,50,94,79.2,60,30,17.7,12,29.0,29.0,28.8
33,Mar,3,68,58.3,50,50,40.9,34,82,55.1,28,15,8.6,0,29.2,29.1,29.0
34,Mar,4,68,57.9,50,45,38.3,34,67,50.4,28,14,4.8,0,29.4,29.3,29.2
35,Mar,5,70,59.3,48,46,40.4,34,77,52.9,27,12,4.4,0,29.4,29.3,29.2
36,Mar,6,75,61.9,50,43,40.7,36,76,49.3,25,14,4.8,0,29.3,29.2,29.2
37,Mar,7,75,64.4,55,50,46.3,43,77,53.7,34,14,6.1,0,29.3,29.2,29.2
38,Mar,8,75,64.6,55,52,46.2,39,88,54.9,27,14,5.7,0,29.3,29.3,29.2
39,Mar,9,77,65.5,52,50,42.6,32,77,47.9,19,14,6.1,0,29.3,29.2,29.2
40,Mar,10,77,67.7,55,50,44.0,39,67,44.9,26,9,2.7,0,29.3,29.2,29.2
41,Mar,11,75,65.8,61,59,53.1,48,88,64.7,41,14,2.0,0,29.3,29.3,29.2
42,Mar,12,79,67.7,55,55,52.7,50,88,61.3,36,14,4.3,0,29.3,29.2,29.2
43,Mar,13,70,63.9,57,55,53.2,52,82,68.2,53,12,4.9,0,29.2,29.1,29.1
44,Mar,14,79,67.0,55,54,50.3,46,82,56.9,39,15,8.9,0,29.3,29.3,29.2
45,Mar,15,77,64.3,57,50,47.8,45,72,57.1,34,16,9.4,3,29.2,29.2,29.2
46,Mar,16,82,71.4,57,57,49.7,45,77,48.5,30,17,5.0,0,29.3,29.2,29.2
47,Mar,17,84,71.1,57,55,48.4,41,72,47.7,22,12,4.4,0,29.3,29.2,29.2
48,Mar,18,86,72.9,59,55,49.4,43,77,47.4,22,14,4.2,0,29.2,29.2,29.1
49,Mar,19,88,73.3,57,55,52.4,50,77,50.7,29,14,2.6,0,29.2,29.2,29.1
50,Mar,20,90,75.9,59,55,50.4,43,77,44.8,21,21,5.3,0,29.2,29.2,29.1
51,Mar,21,84,73.7,0,63,57.6,0,78,56.2,0,21,8.3,0,29.2,29.1,29.1
52,Mar,22,84,72.1,66,64,61.4,57,83,70.0,40,16,7.6,0,29.2,29.1,29.0
53,Mar,23,88,77.2,68,63,58.0,50,83,55.1,29,14,7.1,0,29.1,29.1,29.0
54,Mar,24,84,74.6,66,63,59.5,57,83,61.0,40,25,7.0,0,29.2,29.1,29.0
55,Mar,25,90,77.2,64,59,55.9,50,83,51.5,27,16,5.8,0,29.2,29.1,29.1
56,Mar,26,84,77.2,68,61,59.5,57,73,55.0,42,9,2.7,0,29.2,29.1,29.0
57,Mar,27,84,75.8,70,66,61.6,59,78,62.3,45,23,10.8,0,29.3,29.2,29.1
58,Mar,28,84,74.9,66,63,60.8,55,78,62.1,45,23,10.0,3,29.2,29.1,29.1
59,Mar,29,90,78.1,66,63,60.3,59,83,56.6,38,14,6.9,2,29.1,29.1,29.0
60,Mar,30,81,73.6,63,66,61.8,59,88,67.9,51,40,13.3,0,29.2,29.1,29.0
61,Mar,31,81,70.3,61,59,57.5,55,88,66.5,45,23,11.4,0,29.2,28.6,0.0
62,Aug,1,95,86.7,77,84,78.7,75,94,77.2,59,29,6.3,0,28.8,28.7,28.7
63,Aug,2,99,88.8,82,81,78.2,73,84,71.5,53,29,6.7,0,28.8,28.7,28.6
64,Aug,3,97,88.2,79,79,76.9,73,89,69.9,56,20,5.2,0,28.8,28.7,28.7
65,Aug,4,100,91.7,84,79,78.4,75,79,65.5,50,21,8.3,0,28.8,28.8,28.7
66,Aug,5,95,86.9,77,81,77.5,73,89,73.6,59,21,7.6,0,28.9,28.8,28.8
67,Aug,6,99,90.5,84,81,77.8,75,79,66.7,53,15,7.5,0,28.8,28.7,28.6
68,Aug,7,95,88.7,84,81,77.6,75,89,70.3,56,16,7.0,0,28.7,28.7,28.6
69,Aug,8,99,91.0,82,79,77.1,75,79,64.6,50,15,8.3,0,28.8,28.7,28.7
70,Aug,9,95,89.7,82,81,78.3,75,79,69.0,56,17,6.7,0,28.9,28.8,28.8
71,Aug,10,95,88.8,84,81,78.7,75,84,71.9,59,21,8.3,0,28.9,28.9,28.8
72,Aug,11,99,87.7,82,79,77.2,75,89,71.8,53,29,7.3,0,28.9,28.3,0.0
73,Aug,12,99,90.2,84,79,76.7,73,84,65.7,49,128,12.1,5,28.8,28.8,28.7
74,Aug,13,99,91.6,84,77,76.3,75,79,61.8,50,20,10.6,1,28.8,28.7,27.9
75,Aug,14,93,88.1,82,81,78.3,75,84,72.6,66,25,12.2,5,28.9,28.8,28.8
76,Aug,15,95,87.0,79,79,76.2,73,89,71.3,56,15,6.7,0,28.9,27.7,0.0
77,Aug,16,97,89.7,82,79,77.4,75,84,67.5,53,12,4.5,0,28.9,28.9,28.8
78,Aug,17,99,91.0,84,79,76.8,75,79,63.6,50,12,6.0,0,28.9,28.9,28.8
79,Aug,18,99,91.8,84,81,78.3,77,79,64.9,50,14,5.2,0,28.9,28.9,28.8
80,Aug,19,99,89.6,84,81,77.4,75,84,67.9,53,17,4.0,0,28.9,28.3,0.0
81,Aug,20,99,89.4,81,81,78.3,75,84,70.1,53,9,4.5,0,28.9,28.9,28.9
82,Aug,21,97,90.4,82,81,78.5,75,84,68.7,53,12,5.6,0,28.9,28.9,28.8
83,Aug,22,100,93.2,86,81,79.6,77,79,64.7,53,14,7.0,3,28.8,28.8,28.7
84,Aug,23,99,91.6,86,79,78.0,75,79,64.9,50,23,10.8,3,28.8,28.7,28.7
85,Aug,24,97,88.2,82,79,77.3,75,84,70.9,50,17,9.7,5,28.8,28.7,28.7
86,Aug,25,93,86.2,77,79,75.8,72,100,72.1,55,52,10.1,0,28.8,28.7,28.7
87,Aug,26,93,84.0,77,79,75.1,72,94,75.3,63,16,6.2,0,28.9,28.8,28.8
88,Aug,27,95,87.1,79,75,73.2,72,79,64.7,49,14,6.8,0,28.8,28.8,28.8
89,Aug,28,93,83.8,73,75,72.4,68,94,69.5,52,35,9.3,0,28.9,28.8,28.8
90,Aug,29,95,85.8,79,75,71.1,68,89,64.0,41,25,7.9,0,28.9,28.9,28.8
91,Aug,30,99,88.8,77,75,71.2,68,78,57.2,37,12,5.4,0,29.0,28.9,28.9
92,Aug,31,99,90.3,82,75,73.2,72,74,58.2,44,15,5.2,0,29.0,28.9,28.9
93,Apr,1,86,74.8,66,63,52.1,46,68,47.5,25,18,9.4,3,29.1,29.1,29.0
94,Apr,2,90,77.5,64,59,52.2,43,83,45.7,20,12,6.1,0,29.0,29.0,28.9
95,Apr,3,91,78.2,66,57,55.2,50,73,47.8,26,14,5.2,0,29.1,29.0,29.0
96,Apr,4,91,79.1,66,59,53.5,50,64,43.3,24,18,8.8,0,29.1,29.1,29.0
97,Apr,5,91,80.3,66,55,49.1,43,64,36.8,18,16,9.3,0,29.1,29.0,29.0
98,Apr,6,91,80.0,68,57,49.0,41,64,36.8,18,17,6.2,0,29.1,29.0,29.0
99,Apr,7,93,81.2,68,55,50.8,43,64,37.4,17,15,4.9,0,29.1,29.0,29.0
100,Apr,8,93,81.5,68,55,49.9,46,60,35.6,20,14,3.8,0,29.1,29.1,29.0
101,Apr,9,97,83.1,68,57,50.4,45,56,34.9,17,12,3.3,0,29.1,29.1,29.0
102,Apr,10,95,83.2,70,64,59.0,55,64,44.9,32,25,5.6,0,29.1,29.1,29.0
103,Apr,11,95,80.3,68,57,52.6,48,64,41.0,20,21,13.3,7,29.2,29.1,29.1
104,Apr,12,95,81.1,66,57,53.9,50,68,41.9,23,12,7.1,0,29.2,29.1,29.0
105,Apr,13,82,76.3,70,63,58.0,54,73,53.6,37,29,11.5,0,29.2,29.1,29.0
106,Apr,14,82,73.0,66,63,60.5,57,83,65.9,45,23,10.1,0,29.2,29.2,29.1
107,Apr,15,88,75.4,68,75,61.7,59,84,64.3,40,35,8.4,0,29.2,29.1,29.0
108,Apr,16,90,75.7,0,63,58.8,0,88,57.3,0,15,9.2,0,29.2,28.5,0.0
109,Apr,17,91,80.7,68,59,53.4,46,68,42.0,21,14,6.5,0,29.1,29.0,29.0
110,Apr,18,91,81.9,75,63,58.1,55,61,45.3,29,23,7.8,0,29.0,29.0,28.9
111,Apr,19,90,79.4,72,66,61.8,59,69,56.0,36,30,14.2,0,28.9,28.3,0.0
112,Apr,20,93,79.9,64,63,58.9,55,88,52.0,30,14,8.8,0,29.0,28.9,28.9
113,Apr,21,95,82.9,72,63,58.4,52,65,45.6,24,14,7.4,3,29.0,29.0,28.9
114,Apr,22,95,83.2,72,64,58.7,55,69,45.7,26,16,8.5,3,29.0,29.0,28.9
115,Apr,23,86,76.6,68,64,60.8,57,73,58.7,43,23,9.3,0,29.0,29.0,28.9
116,Apr,24,95,82.8,68,63,58.1,55,73,46.1,26,9,2.9,0,29.0,29.0,28.9
117,Apr,25,99,86.3,72,61,57.7,55,60,39.5,24,14,3.1,0,29.0,29.0,28.9
118,Apr,26,99,84.2,72,66,59.9,50,83,48.8,19,101,10.1,0,29.0,28.9,28.8
119,Apr,27,90,77.8,68,66,61.4,57,88,60.2,33,25,12.9,6,29.0,29.0,28.9
120,Apr,28,93,81.0,70,63,58.1,54,73,48.3,28,23,10.3,0,29.1,29.0,28.9
121,Apr,29,88,73.0,59,64,57.4,55,88,60.8,33,63,18.2,0,29.1,29.0,28.9
122,Apr,30,90,70.7,57,55,53.6,50,88,59.2,27,40,13.0,0,29.1,29.0,28.9
123,Jan,1,54,49.5,45,48,44.9,41,94,84.4,72,6,1.0,0,29.4,28.7,0.0
124,Jan,2,52,48.3,45,48,44.5,41,93,85.8,81,2,0.2,0,29.4,29.3,29.3
125,Jan,3,50,46.9,45,45,42.4,39,87,83.4,76,0,0.0,0,29.4,29.3,29.3
126,Jan,4,52,47.0,43,48,43.2,41,94,86.3,76,2,0.2,0,29.4,29.3,29.3
127,Jan,5,52,46.3,41,45,42.0,37,93,84.6,76,0,0.0,0,29.4,29.3,29.3
128,Jan,6,48,46.2,45,46,45.1,43,100,95.7,87,0,0.0,0,29.4,29.4,29.3
129,Jan,7,52,46.2,41,46,43.5,41,100,90.1,76,2,0.2,0,29.4,29.4,29.4
130,Jan,8,52,45.8,41,43,41.1,39,93,83.8,67,5,0.8,0,29.4,29.4,29.3
131,Jan,9,48,45.5,43,45,41.8,39,93,86.6,81,0,0.0,0,29.4,29.4,29.4
132,Jan,10,54,46.1,41,45,41.3,37,93,83.7,67,5,0.6,0,29.4,29.4,29.3
133,Jan,11,54,47.4,43,46,43.0,41,93,85.3,76,2,0.1,0,29.4,29.3,29.3
134,Jan,12,57,47.0,41,45,42.9,41,100,86.2,59,0,0.0,0,29.4,29.3,29.3
135,Jan,13,57,47.9,43,45,43.4,41,93,84.2,59,6,0.3,0,29.4,29.3,29.2
136,Jan,14,55,46.3,41,45,42.3,39,100,86.6,63,2,0.0,0,29.4,29.3,29.3
137,Jan,15,55,46.5,41,45,42.2,37,93,85.0,67,5,0.1,0,29.3,29.3,29.2
138,Jan,16,52,46.2,41,45,42.0,39,100,85.1,71,5,0.4,0,29.3,29.2,29.2
139,Jan,17,59,47.6,39,52,44.0,39,100,88.1,59,0,0.0,0,29.3,29.2,29.2
140,Jan,18,59,48.2,39,48,44.2,39,100,87.6,59,3,0.2,0,29.3,28.7,0.0
141,Jan,19,57,47.4,41,48,44.8,41,100,91.6,63,6,1.7,0,29.4,29.3,29.3
142,Jan,20,55,46.8,41,45,42.4,41,100,85.2,58,6,0.4,0,29.4,29.3,29.3
143,Jan,21,48,45.8,45,45,42.4,41,93,86.9,81,7,1.1,0,29.4,29.3,29.3
144,Jan,22,52,46.7,43,45,41.4,39,87,81.8,67,7,1.5,0,29.4,29.3,29.3
145,Jan,23,54,47.0,41,41,40.0,37,87,77.8,62,7,2.5,0,29.4,29.3,29.3
146,Jan,24,52,45.5,41,45,41.6,39,100,86.7,71,12,0.9,0,29.4,29.3,29.3
147,Jan,25,54,46.2,41,45,41.7,39,93,84.6,67,3,0.1,0,29.4,29.4,29.4
148,Jan,26,64,51.5,41,45,41.9,39,93,71.6,45,12,3.0,0,29.5,29.4,29.4
149,Jan,27,68,57.1,43,48,44.9,41,93,66.9,40,12,3.9,0,29.4,29.3,29.3
150,Jan,28,68,58.3,48,50,48.1,43,88,70.1,52,8,2.9,0,29.3,29.3,29.2
151,Jan,29,66,56.8,50,52,48.5,46,100,76.1,49,12,2.3,0,29.4,29.3,29.3
152,Jan,30,68,56.8,0,50,46.1,0,94,67.9,0,14,4.2,0,29.3,28.7,0.0
153,Jan,31,61,56.8,52,54,50.8,48,88,80.3,77,12,5.8,0,29.3,29.2,29.2
154,Oct,1,93,81.7,72,64,61.1,55,73,51.9,30,9,2.0,0,29.0,29.0,28.9
155,Oct,2,93,82.5,72,66,63.7,63,73,54.5,36,12,2.5,0,29.1,29.0,28.9
156,Oct,3,93,82.3,70,66,63.5,61,78,54.4,34,16,4.3,0,29.1,29.0,28.9
157,Oct,4,93,82.6,72,68,62.8,55,83,54.4,28,12,2.5,0,29.1,29.0,29.0
158,Oct,5,93,83.0,73,68,63.2,57,78,53.4,31,12,2.4,0,29.0,29.0,28.9
159,Oct,6,93,81.8,72,68,66.0,64,83,60.7,38,12,3.0,0,29.0,28.9,28.9
160,Oct,7,93,83.1,73,70,68.3,66,78,62.0,41,9,4.8,0,29.0,29.0,28.9
161,Oct,8,93,84.2,73,72,71.1,66,83,64.7,49,7,2.8,0,29.0,29.0,28.9
162,Oct,9,91,82.3,68,79,71.9,64,100,72.0,49,58,10.4,0,29.1,29.0,28.9
163,Oct,10,86,76.3,66,66,62.9,59,83,64.4,45,21,8.5,0,29.2,29.1,29.0
164,Oct,11,90,78.2,68,64,61.7,59,83,59.6,36,12,4.7,0,29.2,29.1,29.0
165,Oct,12,91,79.8,68,64,62.3,61,83,56.7,36,7,1.5,0,29.2,29.1,29.1
166,Oct,13,90,79.8,70,68,64.8,63,83,62.5,43,9,3.4,0,29.2,29.1,29.1
167,Oct,14,84,74.5,64,68,63.6,59,100,70.1,45,46,12.7,0,29.2,28.6,0.0
168,Oct,15,84,72.9,63,66,62.0,59,100,71.1,45,14,3.5,0,29.2,29.1,29.0
169,Oct,16,72,68.3,64,64,63.4,59,88,85.4,78,23,7.8,0,29.2,29.1,29.0
170,Oct,17,75,66.9,61,63,59.7,57,94,78.4,57,18,10.5,3,29.3,29.3,29.2
171,Oct,18,81,70.3,61,59,55.6,54,83,62.4,42,12,5.9,0,29.3,29.3,29.2
172,Oct,19,82,72.1,61,61,57.1,55,83,61.1,42,9,2.5,0,29.3,29.2,29.2
173,Oct,20,86,73.8,61,63,58.4,55,82,60.1,42,9,1.5,0,29.3,29.2,29.2
174,Oct,21,84,73.5,63,66,61.0,57,83,65.9,45,9,1.2,0,29.3,29.3,29.2
175,Oct,22,81,73.8,64,68,65.0,61,88,75.1,61,7,1.4,0,29.3,29.3,29.2
176,Oct,23,82,73.9,64,64,58.8,55,88,61.5,42,14,5.0,0,29.3,29.2,29.2
177,Oct,24,84,74.7,64,63,59.7,57,88,61.4,40,7,1.5,0,29.2,29.2,29.2
178,Oct,25,88,75.7,63,63,59.8,57,88,60.1,35,12,2.5,0,29.3,29.2,29.2
179,Oct,26,88,75.0,63,63,59.8,57,88,61.7,35,9,1.9,0,29.2,29.2,29.2
180,Oct,27,88,76.1,64,64,61.3,59,88,62.2,38,9,1.6,0,29.2,29.2,29.1
181,Oct,28,84,75.3,64,66,63.3,61,88,67.3,51,5,0.4,0,29.2,29.2,29.2
182,Oct,29,84,74.9,64,68,65.6,61,94,74.0,55,0,0.0,0,29.2,29.2,29.2
183,Oct,30,86,75.1,63,68,64.3,57,94,71.1,45,6,0.8,0,29.3,29.2,29.2
184,Oct,31,86,74.6,0,70,65.5,0,88,72.2,0,3,0.1,0,29.3,29.3,29.2
185,Sep,1,97,90.7,82,75,73.3,72,74,58.2,47,15,6.4,0,29.0,28.9,28.9
186,Sep,2,99,91.0,82,75,72.8,70,70,56.4,44,14,5.8,0,28.9,28.9,28.8
187,Sep,3,99,90.3,81,75,72.5,72,79,56.9,42,12,6.3,0,28.9,28.9,28.8
188,Sep,4,99,89.9,82,79,73.3,68,79,60.0,37,14,4.8,0,28.9,28.9,28.8
189,Sep,5,97,87.5,77,79,71.6,66,84,60.4,41,21,7.4,0,29.0,28.9,28.9
190,Sep,6,97,88.4,81,81,71.5,68,70,57.8,44,12,5.9,0,29.0,28.9,28.9
191,Sep,7,100,91.0,81,77,74.0,73,79,59.2,42,14,3.1,0,29.0,28.9,28.8
192,Sep,8,93,89.7,88,77,77.0,77,70,66.5,59,9,7.5,6,28.9,28.9,28.8
193,Sep,9,99,88.0,81,77,75.3,70,84,67.1,42,21,8.3,0,28.9,28.9,28.8
194,Sep,10,93,86.2,79,79,76.7,75,94,73.9,59,15,8.4,3,28.9,28.8,28.8
195,Sep,11,95,86.2,79,77,75.1,73,84,70.9,53,13,7.2,0,28.9,28.9,28.8
196,Sep,12,95,88.0,81,77,76.3,75,84,68.8,56,12,5.9,0,28.9,28.9,28.8
197,Sep,13,97,89.4,82,79,77.1,75,84,67.7,53,10,5.2,0,28.9,28.9,28.8
198,Sep,14,95,86.3,82,81,77.9,75,84,76.0,59,21,5.8,3,28.9,28.3,0.0
199,Sep,15,93,85.3,79,79,76.2,73,94,75.2,59,16,6.8,3,29.0,28.9,28.8
200,Sep,16,93,85.0,79,79,75.6,73,89,74.3,59,13,6.1,0,29.0,28.9,28.9
201,Sep,17,90,81.7,77,79,75.0,72,94,80.9,66,35,8.5,0,29.0,28.9,28.9
202,Sep,18,84,78.8,77,73,71.9,70,89,78.9,66,23,12.0,5,29.0,28.9,28.9
203,Sep,19,77,75.1,72,75,73.1,70,100,93.6,83,21,10.0,5,29.1,29.0,28.9
204,Sep,20,91,83.5,73,77,74.5,72,94,75.1,59,9,3.6,0,29.1,29.0,28.9
205,Sep,21,93,86.5,79,79,76.0,75,89,71.7,56,9,2.8,0,29.0,28.9,28.9
206,Sep,22,93,83.1,79,79,75.4,73,89,78.2,59,25,5.5,0,29.0,28.9,28.9
207,Sep,23,84,77.2,72,84,72.1,70,100,81.9,0,35,8.9,0,29.1,28.4,0.0
208,Sep,24,86,78.8,73,73,71.7,68,94,78.9,66,14,5.4,0,29.0,29.0,28.9
209,Sep,25,86,79.9,73,73,71.1,66,89,75.5,58,14,5.2,0,29.0,29.0,28.9
210,Sep,26,91,82.2,75,73,70.3,68,89,68.9,46,12,3.4,0,29.1,29.0,29.0
211,Sep,27,93,83.4,73,72,68.4,66,83,62.0,41,12,3.5,0,29.1,29.0,28.9
212,Sep,28,95,86.0,75,75,72.1,70,89,64.0,47,6,2.3,0,29.0,29.0,28.9
213,Sep,29,95,84.0,75,73,71.1,68,83,66.2,41,14,4.1,0,29.1,29.0,28.9
214,Sep,30,93,82.3,73,70,66.0,64,78,59.9,38,12,6.3,0,29.1,29.0,28.9
215,Feb,1,63,55.6,48,52,48.5,45,94,77.9,63,29,8.8,0,29.4,29.2,29.1
216,Feb,2,66,55.4,46,50,45.7,43,88,70.6,52,14,6.8,0,29.5,29.4,29.3
217,Feb,3,61,56.0,52,52,45.3,43,82,67.6,55,15,8.4,0,29.4,29.3,29.3
218,Feb,4,61,54.3,50,50,49.5,46,100,85.2,68,12,5.6,0,29.3,29.3,29.2
219,Feb,5,64,54.4,46,52,46.9,43,93,77.0,56,7,1.7,0,29.4,29.3,29.3
220,Feb,6,66,56.2,46,50,42.9,37,88,63.7,37,14,4.3,0,29.4,29.4,29.3
221,Feb,7,66,55.6,45,45,42.3,37,87,62.9,37,14,5.0,0,29.4,29.4,29.3
222,Feb,8,70,58.0,46,45,39.9,34,82,54.5,28,22,9.3,0,29.4,29.3,29.2
223,Feb,9,72,58.9,46,46,39.2,34,76,51.9,27,9,3.7,0,29.4,29.3,29.2
224,Feb,10,72,59.0,46,50,46.5,43,87,65.5,41,8,1.2,0,29.5,29.4,29.4
225,Feb,11,73,60.6,48,50,46.3,43,87,62.2,35,9,1.9,0,29.4,29.4,29.4
226,Feb,12,68,58.1,48,50,46.0,43,87,66.0,43,6,0.6,0,29.4,28.2,0.0
227,Feb,13,73,58.8,0,64,51.9,0,88,76.3,0,6,0.7,0,29.4,29.3,29.3
228,Feb,14,73,62.0,48,52,45.4,41,88,57.9,33,12,3.3,0,29.4,29.3,29.3
229,Feb,15,75,62.3,48,50,47.2,43,87,60.1,36,9,1.9,0,29.4,29.3,29.3
230,Feb,16,75,63.4,48,54,48.1,43,87,60.7,31,9,1.6,0,29.4,29.4,29.3
231,Feb,17,75,63.3,50,52,48.1,45,94,60.7,34,6,1.6,0,29.3,29.2,29.1
232,Feb,18,66,60.6,54,54,51.1,48,88,71.1,56,12,5.5,0,29.2,29.1,29.0
233,Feb,19,73,64.4,57,59,54.2,50,83,70.2,53,32,17.5,0,29.0,29.0,28.9
234,Feb,20,70,62.0,55,57,53.4,50,88,74.0,60,21,6.3,0,29.1,29.1,29.0
235,Feb,21,72,61.7,54,52,48.5,43,88,65.1,35,12,4.1,0,29.2,29.1,29.1
236,Feb,22,73,61.9,52,50,46.4,43,88,59.8,33,14,6.5,3,29.3,29.2,29.1
237,Feb,23,72,61.5,52,46,38.2,28,76,46.9,20,21,6.6,0,29.3,29.2,29.2
238,Feb,24,73,61.7,50,46,39.5,30,76,47.9,20,12,4.0,0,29.3,29.3,29.2
239,Feb,25,72,61.0,50,46,42.9,39,77,54.0,31,12,3.7,0,29.4,29.4,29.3
240,Feb,26,68,59.9,50,50,43.1,37,82,56.8,33,14,5.0,0,29.4,29.3,29.3
241,Feb,27,72,60.5,52,50,47.0,45,88,63.3,41,12,5.2,0,29.4,29.3,29.3
242,Feb,28,75,62.6,50,50,44.1,39,82,54.2,27,15,5.4,0,29.3,29.3,29.2
243,Feb,29,77,64.7,50,52,45.6,41,72,52.4,28,14,5.0,0,29.2,29.2,29.2
244,Nov,1,84,75.1,66,68,65.3,61,88,72.8,54,6,1.3,0,29.4,29.3,29.2
245,Nov,2,84,75.7,68,70,66.3,63,88,73.6,58,6,1.3,0,29.3,29.2,29.2
246,Nov,3,84,74.9,66,66,63.7,61,88,69.6,45,5,0.7,0,29.2,29.1,29.1
247,Nov,4,84,74.4,64,64,63.1,61,88,68.8,48,8,1.1,0,29.2,29.2,29.1
248,Nov,5,82,73.2,64,64,62.3,59,88,69.5,51,9,1.6,0,29.2,29.2,29.2
249,Nov,6,82,72.9,63,64,60.0,52,88,65.7,45,0,0.0,0,29.3,29.2,29.2
250,Nov,7,81,72.7,63,64,62.1,57,88,69.9,54,6,0.7,0,29.3,29.2,29.2
251,Nov,8,81,72.3,63,66,62.3,57,88,71.5,51,5,0.3,0,29.2,28.6,0.0
252,Nov,9,81,71.9,63,64,61.8,57,88,71.1,54,7,1.1,0,29.2,29.2,29.2
253,Nov,10,68,63.0,59,63,58.3,55,94,85.0,73,21,10.8,0,29.4,29.3,29.2
254,Nov,11,75,65.7,57,57,54.1,52,88,67.7,44,16,5.3,0,29.4,29.3,29.3
255,Nov,12,77,67.6,57,57,55.4,54,88,66.8,44,12,2.4,0,29.4,29.3,29.3
256,Nov,13,79,68.2,57,61,55.6,52,88,66.5,39,5,0.9,0,29.4,29.3,29.3
257,Nov,14,79,68.4,57,63,57.6,54,88,69.8,47,7,1.9,0,29.4,29.3,29.3
258,Nov,15,81,68.2,57,57,55.2,52,88,65.9,39,7,0.8,0,29.4,29.3,29.2
259,Nov,16,79,67.5,57,57,54.8,52,82,65.5,42,7,0.8,0,29.4,29.3,29.3
260,Nov,17,79,68.5,57,57,53.8,48,88,62.5,34,9,2.3,0,29.4,29.3,29.3
261,Nov,18,81,68.1,57,57,53.0,46,88,62.2,30,9,1.5,0,29.3,29.3,29.2
262,Nov,19,81,67.8,57,59,55.0,52,88,66.3,42,8,1.5,0,29.4,28.7,0.0
263,Nov,20,77,65.9,55,57,53.5,50,88,66.5,41,12,1.9,0,29.4,28.7,0.0
264,Nov,21,77,64.0,0,54,49.7,0,82,59.9,0,12,2.5,0,29.4,28.1,0.0
265,Nov,22,79,65.4,54,54,51.6,50,88,63.1,36,12,2.3,0,29.2,29.2,29.2
266,Nov,23,75,63.0,0,57,52.9,0,88,69.3,0,6,0.7,0,29.2,28.6,0.0
267,Nov,24,75,64.4,54,57,53.7,50,88,69.8,47,9,2.1,0,29.4,29.3,29.2
268,Nov,25,73,63.0,54,54,52.2,48,88,69.2,44,8,1.0,0,29.3,29.3,29.2
269,Nov,26,73,63.1,54,55,53.1,50,88,70.8,47,9,1.3,0,29.4,29.3,29.2
270,Nov,27,70,62.7,55,55,54.3,52,88,74.4,60,12,2.3,0,29.3,29.3,29.2
271,Nov,28,75,64.6,55,61,57.0,52,88,76.9,57,9,1.5,0,29.3,29.2,29.2
272,Nov,29,77,67.0,57,59,55.8,54,88,69.4,44,5,1.2,0,29.3,29.2,29.2
273,Nov,30,70,63.4,59,61,56.6,55,88,79.6,68,14,6.4,0,29.4,28.7,0.0
274,Dec,1,73,62.7,54,55,52.0,50,88,69.2,44,12,3.5,0,29.4,29.3,29.2
275,Dec,2,73,64.2,55,54,52.1,50,88,66.2,44,8,1.2,0,29.4,29.3,29.3
276,Dec,3,73,63.9,54,57,53.1,50,88,69.1,50,3,0.1,0,29.4,29.3,29.2
277,Dec,4,73,63.3,54,55,51.7,48,88,67.4,43,9,1.4,0,29.3,29.3,29.2
278,Dec,5,73,61.8,54,55,52.9,52,94,74.1,47,13,0.8,0,29.3,28.7,0.0
279,Dec,6,75,62.5,52,52,47.9,43,88,62.5,33,12,3.2,0,29.3,29.3,29.2
280,Dec,7,75,62.2,50,52,49.1,46,88,65.1,38,8,2.2,0,29.3,29.2,29.2
281,Dec,8,73,61.9,50,52,49.1,45,88,66.0,36,5,1.0,0,29.3,29.2,29.2
282,Dec,9,73,61.1,50,54,50.3,46,88,69.5,38,7,1.6,0,29.4,28.7,0.0
283,Dec,10,72,59.3,48,52,48.0,45,93,68.9,41,12,2.8,0,29.2,29.2,29.1
284,Dec,11,68,58.7,48,54,50.3,45,88,74.3,56,7,1.1,0,29.3,29.2,29.2
285,Dec,12,66,57.3,48,54,50.0,45,93,76.8,63,6,1.2,0,29.3,29.2,29.2
286,Dec,13,70,58.1,48,52,48.6,46,94,72.9,43,5,0.5,0,29.3,29.3,29.2
287,Dec,14,68,55.8,46,54,48.3,43,93,77.3,52,8,1.9,0,29.4,29.3,29.3
288,Dec,15,70,55.7,45,50,46.3,43,93,72.5,46,6,0.5,0,29.4,29.3,29.3
289,Dec,16,66,56.0,45,48,44.4,41,88,67.2,40,9,2.2,0,29.3,28.7,0.0
290,Dec,17,68,55.0,45,48,45.4,43,93,72.2,43,8,2.7,0,29.4,29.3,29.3
291,Dec,18,70,55.9,45,50,45.6,41,100,71.9,38,12,2.5,0,29.4,28.1,0.0
292,Dec,19,68,56.0,45,48,44.6,39,93,68.8,37,12,2.1,0,29.4,28.1,0.0
293,Dec,20,72,57.1,45,46,42.5,39,93,62.1,31,12,2.1,0,29.4,29.3,29.3
294,Dec,21,70,56.3,43,50,43.8,37,93,66.9,31,8,1.3,0,29.3,25.8,0.0
295,Dec,22,66,54.3,43,48,45.0,41,93,72.8,46,17,2.9,0,29.3,29.3,29.2
296,Dec,23,68,56.5,45,54,49.4,41,88,77.6,56,14,2.3,0,29.4,29.4,29.2
297,Dec,24,68,56.0,45,54,49.1,41,94,78.4,52,9,1.4,0,29.5,29.4,29.4
298,Dec,25,68,55.9,45,55,50.9,45,100,84.5,60,5,0.8,0,29.4,29.3,29.3
299,Dec,26,66,52.0,0,54,45.5,0,100,78.8,0,5,0.2,0,29.4,29.3,29.3
300,Dec,27,63,52.9,43,57,50.9,43,100,93.4,77,0,0.0,0,29.5,29.4,29.4
301,Dec,28,61,51.9,43,54,50.0,43,100,93.6,77,7,2.2,0,29.4,29.3,29.3
302,Dec,29,55,49.0,43,50,46.7,43,100,91.8,82,8,2.3,0,29.4,27.5,0.0
303,Dec,30,57,50.1,43,50,46.1,43,100,87.1,72,7,1.4,0,29.4,29.3,29.3
304,Dec,31,55,49.2,45,48,45.0,43,93,85.7,72,5,0.1,0,29.4,29.3,29.3
305,Jul,1,97,88.8,81,77,74.5,72,74,63.4,47,14,8.9,5,28.8,28.8,28.7
306,Jul,2,99,91.5,82,79,75.8,75,79,61.3,47,12,6.7,0,28.8,28.8,28.7
307,Jul,3,102,91.7,77,81,77.0,73,100,63.7,45,35,11.0,0,28.8,28.8,28.7
308,Jul,4,97,88.5,81,77,74.3,73,79,64.0,47,32,13.0,0,28.8,28.7,28.6
309,Jul,5,86,76.0,68,79,72.9,68,100,90.2,70,40,15.0,5,28.8,28.8,28.7
310,Jul,6,84,79.1,73,75,73.0,70,94,81.7,70,25,12.7,5,28.9,28.8,28.8
311,Jul,7,90,84.3,77,79,75.2,73,89,75.0,66,15,9.5,0,28.9,28.9,28.8
312,Jul,8,82,78.0,75,77,74.7,72,94,90.4,83,23,11.9,3,28.9,27.1,0.0
313,Jul,9,84,79.0,73,77,74.1,72,94,85.3,74,21,11.2,0,28.9,28.8,28.8
314,Jul,10,90,83.8,79,75,73.4,72,89,72.7,58,16,9.6,0,28.9,28.8,28.8
315,Jul,11,97,87.0,79,77,74.5,72,83,67.8,50,14,7.2,0,28.9,28.2,0.0
316,Jul,12,97,87.5,81,79,75.5,70,84,68.3,53,35,9.5,0,28.9,28.8,28.7
317,Jul,13,93,86.5,79,77,75.1,72,79,69.1,56,15,9.3,5,28.8,28.8,28.8
318,Jul,14,95,89.0,82,79,77.1,75,84,68.3,56,16,10.8,0,28.9,28.8,28.8
319,Jul,15,93,88.3,84,82,77.7,75,79,70.6,63,17,7.1,0,28.8,28.8,28.7
320,Jul,16,88,84.1,79,81,77.7,75,89,81.0,70,21,10.4,5,28.8,28.8,28.8
321,Jul,17,95,88.6,82,81,78.1,75,89,71.3,59,12,6.9,0,28.8,28.8,28.7
322,Jul,18,95,89.4,84,81,80.1,77,84,73.8,63,17,10.2,0,28.8,28.8,28.7
323,Jul,19,90,84.4,81,81,79.8,77,100,85.3,75,23,11.3,0,28.8,28.8,28.7
324,Jul,20,95,88.2,82,81,79.8,77,89,76.0,63,12,5.3,0,28.9,28.8,28.7
325,Jul,21,90,86.5,82,81,78.9,77,84,77.9,70,21,9.4,0,28.9,28.8,28.8
326,Jul,22,82,79.3,77,79,76.0,73,100,90.3,83,21,12.0,3,29.0,26.6,0.0
327,Jul,23,95,86.6,79,79,75.8,73,83,71.2,56,14,8.1,0,29.0,28.9,28.8
328,Jul,24,97,87.3,82,82,78.2,75,89,74.3,60,28,7.5,0,28.9,28.9,28.8
329,Jul,25,91,85.2,79,79,75.9,73,94,75.2,62,17,7.3,0,28.9,28.9,28.8
330,Jul,26,93,86.9,81,82,78.9,75,100,77.4,59,17,8.1,0,28.9,28.9,28.8
331,Jul,27,88,82.9,75,79,77.1,73,100,83.7,70,16,7.5,0,28.9,28.9,28.8
332,Jul,28,93,86.3,81,79,76.7,75,89,73.8,59,13,7.4,0,28.8,28.8,28.7
333,Jul,29,84,80.3,75,79,75.2,73,94,85.1,79,25,8.7,0,28.8,28.8,28.7
334,Jul,30,93,85.6,75,77,75.5,73,94,73.3,56,9,3.2,0,28.8,28.8,28.7
335,Jul,31,97,90.0,82,79,76.0,75,79,64.3,50,12,5.2,0,28.8,28.7,28.7
336,Jun,1,113,98.9,86,61,57.9,52,43,27.1,13,16,5.8,0,28.8,28.8,28.7
337,Jun,2,108,96.5,82,63,61.6,59,48,32.2,23,12,4.5,0,28.9,28.8,28.8
338,Jun,3,113,96.9,82,66,59.3,52,51,31.4,15,58,15.9,0,29.0,28.8,28.7
339,Jun,4,106,94.5,81,66,61.6,57,58,35.3,23,14,6.0,0,28.9,28.8,28.8
340,Jun,5,106,92.2,79,66,63.2,59,61,39.2,24,40,12.6,0,29.0,28.8,28.0
341,Jun,6,100,88.3,75,66,62.5,52,69,44.4,23,21,9.8,0,29.0,28.9,28.9
342,Jun,7,102,90.3,77,66,61.4,57,61,39.8,25,15,8.8,5,28.9,28.9,28.8
343,Jun,8,99,90.9,82,66,61.1,55,58,37.9,25,23,9.6,0,28.9,28.9,28.8
344,Jun,9,108,95.9,81,63,57.7,54,51,30.2,17,14,5.3,0,28.9,28.8,28.8
345,Jun,10,109,97.0,84,61,56.9,48,45,28.0,14,13,5.3,0,28.9,28.2,0.0
346,Jun,11,111,98.1,84,59,55.6,50,42,25.7,14,21,6.5,0,28.8,28.8,28.7
347,Jun,12,111,99.8,86,64,59.3,55,48,27.5,18,14,6.0,0,28.8,28.8,28.7
348,Jun,13,111,98.7,88,64,60.0,57,40,28.4,18,29,9.9,0,28.8,28.8,28.7
349,Jun,14,111,98.8,86,63,58.6,55,45,28.2,16,12,4.8,0,28.8,28.7,28.7
350,Jun,15,111,99.5,88,66,62.8,57,43,31.3,18,15,7.8,0,28.8,28.7,28.7
351,Jun,16,111,100.3,88,72,64.6,63,46,32.1,21,21,9.7,3,28.8,28.7,28.7
352,Jun,17,111,100.3,88,72,68.1,64,52,36.6,24,17,9.1,0,28.8,28.7,28.7
353,Jun,18,111,100.8,90,72,67.6,64,52,35.2,22,21,8.0,0,28.8,28.7,28.6
354,Jun,19,111,99.0,88,75,70.7,63,59,41.0,27,46,11.4,0,28.7,28.6,28.6
355,Jun,20,95,85.2,77,73,65.8,57,89,53.2,36,35,15.4,7,28.8,28.7,28.6
356,Jun,21,95,86.8,77,72,67.5,64,78,54.4,36,12,6.8,0,28.8,28.8,28.8
357,Jun,22,100,92.0,82,73,69.9,66,74,50.1,35,9,5.9,0,28.8,28.8,28.6
358,Jun,23,106,95.9,84,72,67.0,63,62,40.5,26,14,5.5,0,28.8,28.8,28.7
359,Jun,24,109,98.5,86,72,68.3,66,55,38.1,27,12,4.8,0,28.8,28.7,28.6
360,Jun,25,109,97.1,82,75,70.7,66,66,44.1,26,12,8.6,2,28.8,28.7,28.6
361,Jun,26,108,98.0,90,77,73.2,70,66,45.9,30,18,9.6,0,28.8,28.7,28.6
362,Jun,27,95,89.4,84,79,74.1,72,79,61.2,49,23,14.5,5,28.9,28.8,28.7
363,Jun,28,99,91.6,82,77,74.8,72,74,59.0,47,17,10.5,5,28.9,28.8,28.7
364,Jun,29,102,92.1,84,81,75.9,73,84,61.2,42,35,10.1,3,28.8,28.7,28.7
365,Jun,30,97,87.6,82,79,75.2,72,79,67.5,49,25,10.7,5,28.8,28.7,28.6
